"embattled irish vote irish faced  ",-1
"true fine have ",-1
"still not great ",-1
"ah made go fine  ",-1
"yup been good bad hard see why prefer ",-1
"is just full spin coat can do better ",-1
"will replace fine are not better are largely indistinguishable ",-1
" fein not ",-1
"mortified how can explain ",-1
"makes is appear tonight ",-1
"am left fail see how could coalesce fine ",-1
"fine is right lost when put back do again ",-1
"say why are not shouting double ",-1
"certainly friendly not ",-1
"not just entrenching ",-1
"believe fail are ",-1
"such scary could top certain feel sick ",-1
"rt say ",-1
"fail had dead have ",-1
"nearly fail ve failed future ",-1
"lol called selling first were not ",-1
"bites start ",-1
"is going ruin oh wait already happened ",-1
"constantly reminds ever showed pissed tossing looking ",-1
"evil  look know where live ",-1
"haha get comes first wont b missing too much anyway is usually hijacked fein ",-1
"fast sounds better ",-1
"dear how can justify ",-1
"ciaran being called back ",-1
"exactly will change going will cripple ",-1
"think is trying disown like fine suppose ",-1
"will be irrelevant is ",-1
"fine would get intobed just did ",-1
"fin have brought good ",-1
"know mean hard know go fine just want maybe try untried dunno screwed ",-1
"fein could break few remain together together give mean could happen ",-1
"actually just correct is dead walking ",-1
"dead walking ",-1
"rt how much fein hidden secret offshore get see dig ",-1
"yeh yeah meant believe how much fein hidden secret offshore do gerrymartin have ",-1
"carefully conor endorsing ",-1
"judging take are running ",-1
"unfortunately dont think ever see fein runs ",-1
"simple fine dont sell cares  ",-1
"fine had have left ",-1
"already have called fine ",-1
"utter is failed going nowhere ",-1
"fine are ",-1
"not sinn lol ",-1
"must be finally reached critical slow ",-1
"sit screaming loudly am hope helps ",-1
"specific other fein ",-1
"think are wide will be much stronger think fein ",-1
"btw coming never has never would vote fein ",-1
"worse fancying ",-1
"is signifies irish broadcasting there little ",-1
"will irish still support conceal ",-1
"no believe are feeding criminal led utter vile ",-1
"condone were linked am consider centrist ",-1
"typical want equally have fook fine ",-1
"talking being  ",-1
"indeed not forget have been cutting ",-1
"will few remain still wouldnt tolerate ",-1
"fine have make irish optional junior only going get worse ",-1
"are worse ",-1
"ok here goes are choosing call choose suit political do ",-1
"rt ",-1
"would bet beating literally be close ",-1
"says is budgetary fein had might well ",-1
"tried could last few gone soon thankfully ",-1
"is far fail hate equally ",-1
"done is be confirmed when ",-1
"oh no not fine am confused do vote ",-1
"not ongoing ",-1
"havent even selected could be right could be ",-1
"needs go needs go take ",-1
"holy is listening tell do else ",-1
"indeed could drop could have ",-1
"yes are trying scare voting so have not responsible ",-1
"is served weak is going be opposite ",-1
"have ever noticed fein never respond would not be ",-1
"well done see how puts should try ",-1
"sorry socially liberal fine ",-1
"agreed fine are very weak overloaded elsewhere ",-1
"no dont want fail dont know want fine seeing brought ",-1
"indeed voted past have wrecked ",-1
"dont start walks ",-1
"wouldnt better cant bare smug ",-1
"still dont get how argues could induce give ",-1
"totally kicks breaching personal too take fine ",-1
"st should ask is are now ever been ",-1
"ha ha yes feel ",-1
"yes last was right ",-1
"apparently stands ",-1
"generally vote next probably not vote ",-1
"spent all used look ",-1
"forgot lol ",-1
"need real real pass will now prop ",-1
"been tabling was did reacted fine ",-1
"will eat first ",-1
"independent now bigger ",-1
"same cant do messing where are ",-1
"was more poking sure could ",-1
"dont get wrong piss vote wouldnt be forward ",-1
"would have back growing own ",-1
"hoping be elected still ",-1
"asking take new ",-1
"is do inspite not ",-1
"is conservative rather even british conservative ",-1
" will go help get ",-1
"is discount as much more disgusts ",-1
"suggest update then look are ",-1
"should have left may circle now ",-1
"fairnes isnt going say are fed will be lucky have ",-1
"irish starring ",-1
" puts ",-1
"why is rte is not elected where is other ",-1
"now editing heating bing bong is ticking ",-1
"did least have hope winning ",-1
"shouldnt be hidden is poor should be then should cont  ",-1
"is hilarious really childish do guess are ",-1
"rt ",-1
"has got selective am only remembers how fine also have encouraged ",-1
"might real ",-1
"also full actual fucked ",-1
"well having fine only political ever forever ever would be equally damning ",-1
"pat fair play least be witness ",-1
"why select dont get is terminal save cost ",-1
"least wasnt cynical go fail ",-1
"will please learn how pronounce not fucking difficult dirty fein ",-1
"could be new nearaccurate later ",-1
"are summing whole being o not all are d just most xd ",-1
"screwed are right detest ",-1
"whereas fine have never been interested ",-1
"will be more ridiculous fein get ",-1
"am happy is gone was good hope not take ",-1
"fein can support march will want ",-1
"is being populist have widest has realistic economic ",-1
"is as likely being fein make sick ",-1
"unwell was quick enough was more capable doing ",-1
"seems are take no no no need get real need take hard ",-1
"is have real cant make viable getting ",-1
"why do care should get own not worry ",-1
"ha would know ",-1
"hey look fine have relaunched new approved too is good  ",-1
"have is wouldnt look very good want be refuse do now would ",-1
"will fine take mute ",-1
"putting fine where belong p ",-1
"trolling was behold ",-1
"same old same old typical working ",-1
"public really want legal then should vote instead fine know ",-1
"would certainly appear only support ",-1
"economic social ",-1
"irish is got economic are still started ",-1
"is worse ",-1
"fine surely too high ",-1
"fail done more do apt considering were telling were screwing now screwed ",-1
"fine asked were going hear usually talk ",-1
"ah no now pictured  is ",-1
"lol ",-1
"personally free ",-1
"does end always look bright rt  ",-1
"was fortunate have great ironically was irish called ",-1
"oh ya dont care tink fein ",-1
"is ",-1
"is should resign now being wont ",-1
"hey is saying is stuck your ",-1
"fine will be just as bad new hosted first then creating ",-1
"be honest fine are incompetent facing impossible get absolute ",-1
"not unreasonable say dunno vote not going be see ",-1
"should try obstruct fine much as possible put more where is strong ",-1
"take votes fein ",-1
"has gone does run too ",-1
"allowing blind using tactically ",-1
"unfortunately ",-1
"no just brought new saying be wtf ",-1
"no have fine standing same has ",-1
"hope not last played nearly bankrupted ",-1
"follow where recommend worth following lol ",-1
"should tell lecturing real democratic ",-1
"little ",-1
"has accused being coming always sounds been accused ",-1
"free is is ",-1
"legal ",-1
"here go jumping looking again pathetic ",-1
"called  ",-1
"riding ",-1
"cares cares is ",-1
"was are greatest ",-1
"fail will win ",-1
"must be stopped fine are ",-1
"think might be affecting ",-1
"went only would be more angry is made bin laden ",-1
"is very very quiet fine wheres wheres wheres take ",-1
"fine supposed be ram cynical ",-1
"has whatsoever go fine cont  ",-1
"fine need get together will ",-1
"concentrate so much republican few are fewer see ",-1
"why do care is leading nxt be now absolutely ",-1
"why would vote been british never took is democratic ",-1
"",-1
"",-1
"",-1
"vote irish irish ha  ",-1
"golfing irish political ",-1
"free ",-1
"fine will lose dont get ",-1
"lose are there ",-1
"fail ",-1
"is has has proud democratic ",-1
"is wasted ",-1
"gold sprung fail love ",-1
"reporting canvassing ",-1
"embattled irish embattled irish called new  ",-1
"is vote loose more ",-1
"now disconcerting ",-1
"is right arent evil just inept dont think planned ",-1
"wants good is paramount ",-1
"disappeared may run ",-1
"fail continue distort ",-1
"doubt fail top is maliciously antiirish just bloody stupid ",-1
"devotes more obsessing cares ",-1
"",-1
"are appalling dread running should vote fein where are ",-1
"",-1
"is junior lost here same again ",-1
"needs move fat ",-1
"",-1
"crashing green hopefully will be filled honest discerning public ",-1
"failed irish political ",-1
"failed irish political keep keen  ",-1
"failed irish political well is perennial  ",-1
"fitting will be closing fein ",-1
"would know little ",-1
"ah is wish would get fuck has ruined ireland is fat ",-1
"ah take look just ag ",-1
"ah was sorted ago where was ",-1
"ahahahaha isnt anymore when did happen ",-1
"ahh hate makes boil ohh hate hate hate ",-1
"trotting sharing ",-1
"having go ",-1
"can say irish is am stunned knew were wow also ",-1
"left do is sit back enjoy free ",-1
"also delighted hear is thinking running might ",-1
"always slightly worrying amusing when find complete ",-1
"am dying see sinn trot last was least likely ever have ",-1
"am irish always think being hence take proxy ",-1
"amazing think first living will demand pull ",-1
"throws  wot ",-1
"less said fine better ",-1
"will hurt ",-1
"priceless ",-1
"bloody fail ",-1
"fuck will do badly enough not oust well enough kill vote come ",-1
"else have funny fine havent noticed vxtg ",-1
"register vote already havent get fail there ",-1
"apart getting defaced fine have made very odd  ",-1
"apparently public skating thin now havent seen enough ",-1
"are fil desperately waiting more unemployed young emigrate thus lose ",-1
"are fine ashamed be irish when had got not using own still redirect ",-1
"are serious has how know screwed ",-1
"",-1
"even few is too much irish ",-1
"harboured deep unfulfilled appear ",-1
"has been start is still backs then ",-1
"as irish political are mulling  ",-1
"lmao ",-1
"least wasnt cynical go fail ",-1
"said was would not now go ahead seems was wrong ",-1
"currently raping murdering young ",-1
"yes can dont know might ",-1
"yes can dont know might  lol ",-1
"advises can be political spin wonder has told ",-1
"is concentrate makes ",-1
"best irish petty reported matters ",-1
"is senior have told go say is ",-1
"block fine here  ",-1
"breaking possibly be replaced even more ",-1
"breaking kicking ",-1
"breaking complains wants know thinks ",-1
"breaking seen frantically searching everywhere ",-1
"breaking launch new ",-1
"breaking is may have ",-1
"breaking will claim driving drink not ministerial ",-1
"met not discussed ",-1
"looks was recently attacked ",-1
"no cant  ",-1
"fucked  ",-1
"called ",-1
"finna definitely was ",-1
"accuses bringing down negative ",-1
"actually looks when masticates ",-1
"rotten just do forget do decent go ",-1
"called maybe should have kept ",-1
"combines intellectual ",-1
"dropped best happened celtic ",-1
"",-1
"go die ",-1
"has been seen entering apparently currently have ",-1
"has destroyed will rightly go national worst ",-1
"insists has support rte  ",-1
"insists is best how can summon such is astonishing ",-1
"is p ",-1
"is gone irish ",-1
"is so delusional bet when looks sees ",-1
"is irish go has long past is only cont  ",-1
"is there no telling getting emmbarrising now just fu take ",-1
"is totally deluded ",-1
"finished done spectacular please go ",-1
"just go away sad ",-1
"just insulted claiming be no more republican ",-1
"just listen have proved doubt are not need real ",-1
"eats intending resign af  ",-1
"not coming well ",-1
"referred tribal really ",-1
"resign yes go nope ",-1
"resigned not nearly wanted political should be thrown ",-1
"seems be living certainly isnt living ",-1
"should get live goin forward will be very sore ",-1
"enter says is used skating thin ",-1
"",-1
"won please tell will turn say jk made ",-1
"would wanna get fast  ",-1
"fat ",-1
"dunno might ",-1
"do not want ",-1
"should change ",-1
"only instead getting rid getting rid whole irish ",-1
"may have ruined least ruined too ",-1
"",-1
"gone oh wait next ",-1
"is far too big ",-1
"",-1
"fiddled burned irish ",-1
"seems be putting ",-1
"bullshit gormley contributed worst has ever known are better failed ",-1
"is senior have told go say is ",-1
"irish future as irish political  ",-1
"good gone thank resigned shes fuken desperate personally think should be ",-1
"can please remember use when referring otherwise just too ironic ",-1
"can explain why thinks is pulling resigning much appreciated ",-1
"can not get doesnt have previous ",-1
"can imagine happens emigrating ",-1
"cant believe irish how can so unpopular cling ",-1
"cant wait canvassing start whole routinenever knock fein ",-1
"jumping please not ",-1
"cant bear will be long few listening worse gets elected ",-1
"irish quits is expected receive hammering  ",-1
"certainly friendly not ",-1
"",-1
"congrats getting rid tell how did are still stuck ",-1
"confirms other are strongly placed ",-1
"correct wrong here fine will help pass wouldnt vote ",-1
"could irish scary leapfrog ",-1
"could last leave please turn tell have ",-1
"sounding bad saying ",-1
"is going is good would call ",-1
"careful decided join drag longer ",-1
"is right once listening fein pontificating right wrong sickening ",-1
"is still blaming sir are responsible ",-1
"is unfit so is ",-1
"legal ",-1
"prolonging disastrous caolin irish ",-1
" ",-1
"telling believe bad move ",-1
"wins been worst dtat fine ",-1
"now charge did piss ",-1
"persist has gone bad worse  ",-1
"curious how economic is ",-1
"",-1
"",-1
"disappeared may run ",-1
"disappeared may run ",-1
"shows fine how done ",-1
"dear gives sincerely ",-1
"dear thought ",-1
"dear am offended awesomely stupid see ",-1
"dear even have best dont do not deserve signed ",-1
"dear please sort cant take anymore ",-1
"delighted hear delighted said fine ",-1
"urges do honourable continues  ",-1
"did really refer suppose better are ",-1
"did say was more was oh dear ",-1
"do refer free well find offensive ",-1
"does else think might be gettin brown ",-1
"does see fine supporting proposed have ",-1
"does mean is now most ",-1
"does writes fade fail pretty weak ",-1
"doesnt give leads fail want now fine wont reverse treasonous too ",-1
"doing trying find fine anywhere got bizarre ",-1
"dont forget was away then claimed wasnt repsonsible when was keep greens ",-1
"dont think was good not appear ",-1
"dont think is will last fecking ruined ",-1
"downloadable fine fine  ",-1
"dreamt wheeled looked awfully sad ",-1
"secret could bring down irish irish are decide  ",-1
"just called oh hell no hold together ",-1
"appears be trending solely keeps repeating mentioning ",-1
"keeps talking change agrees are bring real have not seen ",-1
"making ",-1
"is just really wanted would achieve ",-1
"must have inserted wont stop talking ",-1
"must have used change sec amend ",-1
"not capable own diffrent is corse ",-1
"cynical haha fuck deputy fuck ",-1
"thinking leading omg ",-1
"eh may be corrupt greedy least not  ",-1
"embattled irish vote irish faced  ",-1
"embattled irish vote prime faces  ",-1
"embattled irish vote irish faced  ",-1
"says will mangle is left does pretty good ",-1
"even laughed when told gettin hit funny ",-1
"everytime see expecting finish ",-1
"embarrasing ",-1
"are not going lose general looks are not going bother turning ",-1
"current strange feeling are experiencing is blowing smoke ",-1
"fail have ",-1
"rot ",-1
"fail done more do knew was were talking might not have been reelected ",-1
"admit desperate deflect  ",-1
"shud b lined can get shoot   ",-1
"are ",-1
"are not just ruined also brought ",-1
"fail had dead  ",-1
"has lost irish editorial ",-1
"calls ",-1
"is not ",-1
"only completed are organisationally unprepared have financial ",-1
"never be voted back votes have destroyed ",-1
"",-1
"fail putting as usual couldnt give flying fuck just go now please ",-1
"should hold select own not should be ",-1
"fail latest anonymous ",-1
"split dithering ",-1
"still bad gross not listening now ",-1
"supported convicted will irish political  ",-1
"were ",-1
"",-1
"forget suspects new not ",-1
"admits made yes poor was poisoned ",-1
"",-1
"even few is too much irish want  ",-1
" ",-1
"hanging dying ",-1
"incredibly embarrassing incompetent ",-1
"hahaha too true good as long not fine dont care  ",-1
"braced defeat ",-1
"faces irish ",-1
"faces irish losing fine  ",-1
"turning general now ",-1
"has called resign rte ",-1
"isnt just cant run properly fitting suppose ",-1
"finally see last ",-1
"finds hilarious was interviewed ",-1
"fine let pass irish still loves cute meet new same old ",-1
"fine are not see ",-1
"fine are taking not even competent could pull ",-1
"fine bring join twice as bad last  ",-1
"fine can have free put bought ",-1
"fine is poor tell  ",-1
"fine finally best not lose is not let talk token ",-1
"fine spelt wrong mean seriously ",-1
"fine gave celtic when thought wasnt burning social fast enough ",-1
"fine give hacked now inane are hilarious ",-1
"fine updated back online is little odd ",-1
"fine anonymous ",-1
"fine have weak several former are not savvy ",-1
"fine is doesnt have support ",-1
"fine is there get elected come general not just particular learned ",-1
"fine licking brings said meet new same old ",-1
"fine never seen nice ",-1
"fine needs clarify not  ",-1
"fine not going ahead apparently push ahead ",-1
"fine ",-1
"fine represent ordinary well lol held last ",-1
"fine strike again  ",-1
"fine is just plain terrible available is been buried ",-1
"fine still offline will be offline followup appropriate ",-1
"fine will support so long is called immediately stealing naughty ",-1
"fine is most lame ever make appear ",-1
"fine full dont think will vote ",-1
"go  irish ",-1
"go brought own  ",-1
"once can call ",-1
"huge live was ",-1
"forget needed is socialist ",-1
"former has said will not be supporting ",-1
"",-1
"fuck fine fuck fine are same political screwed new ",-1
"fuck absolute ",-1
"murdering wants support would rather castrate rusty saw ",-1
"welcome ",-1
"ditched ",-1
"doesnt really have how are run remember took ",-1
"getting completely tonguetied saying will act unilaterally then also saying will renegotiate ",-1
"rte same old ",-1
"is now ",-1
"just embarrassed again attempting discuss also not forget voted guarantee ",-1
"not good ",-1
"loses ",-1
"loses ",-1
"new irish when wants muppets get ",-1
"economic is done ",-1
"grave ",-1
"quits good keeps rolling ",-1
"resigns ",-1
"wants unilaterally cant explain how will then pay public got real ",-1
"was outboxed getting didnt same here ",-1
"thinks going alter gets more wont buy ",-1
"has achieved bringing good maybe should retire now so ",-1
"go wish could do fat hope chops ",-1
"damn stupid why am not surprised ",-1
"same old fail european same screwing ",-1
"going dont vote cant complain voted fail last shouldnt be allowed vote ",-1
"golfing irish is currently  ",-1
"golfing irish political ",-1
"needs insist getting ",-1
"gormley irish were suffering simple withdraw support ",-1
"haha not really ",-1
"saw ",-1
"great shows just how dedicated are ousting ",-1
"green should be ashamed only green should disown irish green ",-1
"green irish have begun lose  where have been last ",-1
"green only helped keep ",-1
"",-1
"ha would know ",-1
"had fine gave lamest nondescript direct prevalent not yet dammit ",-1
"haha shouts shut look ",-1
"haha looks giving ",-1
"haha fine innovative uncovered am ",-1
"has been totally vindicated voting earlier ",-1
"has ever appeared such ",-1
"has been replaced nodding ",-1
"have seen first masquerading goes fine ",-1
"havent fine learned running ",-1
"screwed xd ",-1
"is such good describe internal suggests voluminous involuntary ",-1
"short strange little made fantastic ",-1
"will not be voting green fine all sing same ",-1
"hey is saying is stuck your ",-1
"hmm walk meanwhile say looking uhoh ",-1
"holy spit got dont want see perfectly good ruined do ",-1
"how are civil going vote fine ",-1
"how can stay has happened how can old  ",-1
"how come is prepared not ",-1
"how hilarious would be was only finding watching ",-1
"how has won am stunned so must be irish ",-1
"how many dull fine are working  ",-1
"how sad is disappeared afraid runs ",-1
"agree has brought ",-1
"am sick tired get screwed are still screwing fail green ",-1
"cant look anymore getting ridiculously angry ",-1
"demand know cant do ",-1
"didnt vote fail certainly didnt vote ",-1
"do wonder can back righteous shows looks more cornered ",-1
"dont coursing will continue green licenses see ",-1
"dont when agree need ",-1
"dont understand far too chilled ",-1
"favorited say sorry ",-1
"feel hitting  get annoying ",-1
"have named ",-1
"have have other ",-1
"have went together ",-1
"hope runs general watch ",-1
"hope do right vote have ",-1
"just saw fine dowloadable  really thought was take ",-1
"keep getting such clingy ",-1
"know irish seeing now paying is ",-1
"saw speak ago must say was underwhelmed ",-1
"suppose comes naturally fein focus ",-1
"thought looked nervous ",-1
"uploaded irish prime resigns ",-1
"want fail go away never come back ",-1
"will piss laughing stops getting ",-1
"woke is still running has ",-1
"wonder will subliminaly vote come ",-1
"would be overjoyed electoral lost was elected instead ",-1
"throw  ",-1
"irish want gone believe has screwed irish protect ",-1
"glad are running frees disappear own ",-1
"think even could come better fine most recent  ",-1
"not harshest remember voted disastrous only said ",-1
"thinking vote lol jk dont wanna get guess makes fein no go too ",-1
"very much confused fine ",-1
"heard all now talking democratic pity dont practise preach ",-1
"should just cover new so basically work ",-1
"must look own not note seems very keen  ",-1
"wants follow bright young exiled due ",-1
"had studied would have learned best not feed  ",-1
"resigned fail how is still taoiseach wtf ",-1
"becomes will eat followed quickly ",-1
"was based social has has fake ",-1
"are really intent eating alive recommend nice ",-1
"becomes irish military might must dwarf left british ",-1
"kept would be defeated perhaps planned friendly vote ",-1
"fine had have left ",-1
"were ministerial bullshitting vote ",-1
"have had enough remember fine are more same plus get ",-1
"fine green can ask unfollow now is ",-1
"not quite amusing check ",-1
"",-1
"illtimed illjudged legendary seen unite ",-1
"sticks other pretend ",-1
"unilateral same ",-1
"less will never have look again except reeling are feeling mean ",-1
"starting sooner have ",-1
"independent not fine ",-1
"has massive political not just whole need go ",-1
"is officially fcked ",-1
"would be better no  talk ",-1
"here gone irish  ",-1
"being destroyed ",-1
"irish are afraid strike  irish ",-1
"irish irish is  ",-1
"irish just stepped ",-1
"irish irish has survived  ",-1
"irish potential should public  ",-1
"irish has escalated ",-1
"irish future as irish political  ",-1
"irish mulls second irish could  ",-1
"irish stays prime related  ",-1
"irish political ",-1
"irish prime foreign  ",-1
"is really going select ",-1
"is admit past has led was biggest ",-1
"is new provoke just fking ",-1
"is just is trying set try ",-1
"is true is planning changing ",-1
"is left does care ",-1
"happened fails watch  ",-1
"is go too late there is still ",-1
"seems is becoming more more ",-1
"will be knockadally ",-1
"be old be taken then too talk ",-1
"sad when sinn are allowed take high ",-1
"amazing can send still make huge ",-1
"obvious is stalking bigger ",-1
"irish have decide whole remove fail give honest can deliver ",-1
"is unfit so is ",-1
"considers running rt good should never be allowed forget ",-1
"run play does hope can keep  ",-1
"jeebus just saw fine dowloadable  really thought was take ",-1
"looks trying headbutt ",-1
"not lovely internal ",-1
"not only should be denied should be denied ",-1
"should run ",-1
"spoke last neither told talk being looking ",-1
"dont bother is already gone told cannot go ahead ",-1
"is now isnt quote ",-1
"fine gotten ",-1
"ask care next tragic irish green ",-1
"is uncanny ",-1
"asks exact can use express how do quit ",-1
"did wasnt now can see why ",-1
"has very poorselective ",-1
"has called supposed believe should tell when lying know ",-1
"public are lose are wrong have lost ",-1
"is gone yet damn evoting still live ",-1
"is front do hope last will ever see ecofascist ",-1
"is pretending be again ",-1
"is biggest has ever produced was ever ",-1
"is spits shield boxing ",-1
"refuses comment oh yeah explain then fuckwad ",-1
"says made valuable yeah stopped now go away ",-1
"single ruined green good had doubt ever recover ",-1
"sinking ",-1
"was obviously bed when dempsey quit ",-1
"green giving away ",-1
"waaaaahhh ",-1
"grasp irish obviously isnt too strong ",-1
"just is getting geared fine decide want sit chat ",-1
"just doing own fine p  ",-1
"just fianna fail blame ",-1
"just had fein told have even less voting do ",-1
"free is is  ",-1
"free is is great ",-1
"",-1
"fine are absolute going full ",-1
"fine sacrificing sooner bite ",-1
"fein same cynical ",-1
"can do better fail hope get overall coming can deliver irish ",-1
"fine will learn treat will rue held ",-1
"may have dont hear banging whilst fine try come big make having charge ",-1
"last commandeered waking cant be good ",-1
"last happened went remember was then eircomed ",-1
"last cannibalised might be going even further is really ",-1
"unknown looking may  ",-1
"make irish optional fine  ",-1
"hope means grossly overpaid rt ",-1
"is political catholic ",-1
"listen now singing ",-1
"listen green waffling general running delaying ",-1
"listening is sickening how is so deluded can lead once great is shocking ",-1
"listening is listening battered defend loves beats ",-1
"live economic booing ",-1
"look is ",-1
"looks fine been hacked again crude uploaded  ",-1
"love universal has greeted fine ",-1
"made watch follow retweet will ",-1
"make own fine wonder  ",-1
"make own fine mean ",-1
"is shown is bankrupt forthcoming general late late ",-1
"has said is ",-1
"is retiring when will step ",-1
"retire wont be running next general is nigh ",-1
"cant find relevant should tell ",-1
"doesnt want talk running may have ordered killing ",-1
"maverickhouse interested writing ",-1
"launches former calls ",-1
"looks certain be next going try put ",-1
"was took then found couldnt bring ",-1
"is stirring last just needs indecisive is ",-1
"more empty young can expose think how would maul ",-1
" ",-1
"mounting ",-1
"secret could bring down irish irish are decide prime  ",-1
"muhahahaha there comparing lmao ",-1
"old old have just become politically aware hate cancel extended ",-1
"old did have leave wrecked ",-1
"actually boils appears ",-1
"considered fatty skinny went did now skinny is dead ",-1
"just told used play gaa not be mean how ",-1
"fein chasing roses ",-1
"stand replace not exactly learning ",-1
"new can fine save well no ",-1
"new is taken away elect also displaying more back patting fine ",-1
"urges do honourable continues  ",-1
"indeed lucky be rid most poisonous paralyzing modern hope electorally ",-1
"preemtive will be more concerned predictable rt ",-1
"no believe are feeding criminal led utter vile ",-1
"more fail take ",-1
"more please ",-1
"cares leads gonna vote only is when gonna fuck ",-1
"not happy prepares vote  ",-1
"not surprised didnt appear has are more got just right tho ",-1
"not put too fine fuck take ",-1
"suspiciousisnt known doing great ",-1
"now doesnt  ",-1
"now just dontknow thatmeans fail shall go ",-1
"yes can awk dunno might ",-1
"new wonder do fail ",-1
"oh christ ",-1
"oh fine is real ",-1
"oh be actually might be more interesting ",-1
"ok flying cant be true surely ",-1
"ok so are believing next should know not going ",-1
"okay teeny tiny could be sitting next ",-1
"tribal not national local ",-1
"omg tell real fine attempt ",-1
"omg tell real fine attempt ha is so urban ",-1
"omg tell real fine attempt hahahahaha ",-1
"fail should ask  ",-1
"genuinely felt ",-1
" not yet ",-1
"p being called being fail calling ",-1
"gives being next ",-1
"cynical facilitated important ",-1
"looks really really hope dont ever take waiting happen ",-1
"dont vote fail back need change not just faces ",-1
"no can  ",-1
"irish cant seem take poor ",-1
"",-1
"political very scared ",-1
"fine have ",-1
"platinumwigged fine was nauseating ",-1
"play now ",-1
"play now add ",-1
"playing angry watching ",-1
"plus anonymous fine hack why do  ",-1
"are searching no not  ",-1
"politically accountable when has ever been politically accountable ",-1
"is never boring long has only just started hope ",-1
"has finally are holding ",-1
"free are afraid strike ",-1
"mount ",-1
"promote are afraid strike ",-1
"quite sickened fail voted shocking such decent standing ",-1
"quote when local canvasses ",-1
"real yeah why did not appear ",-1
"remember is not may be abt disappeared ",-1
"remember started ",-1
"remember come do not tell where go act interested more delay less can do ",-1
"being banged fail is getting close let talk hang ",-1
"other inanimate will now comprise similar will comprise fine ",-1
"excludes fein again rte ",-1
"still ruling could be hard vote ",-1
"circulating irish prime will resign next too late ",-1
"maybe wasnt bitter enough first ",-1
"just outed thought was was just not ",-1
"supposed again want hear listen ",-1
"stinging not sleep very well tonight dave  ",-1
"are afraid strike decided speak  irish ",-1
"are afraid strike decided speak directly public  ",-1
"same old same old disappointing fine ",-1
"saw fine open shirted sounding dont get ",-1
"irish irish is  ",-1
"gormley not being able answer irish ",-1
"scary thought ",-1
"serious want fine ",-1
"shared fine strike again sigh are just digging ever deeper ",-1
"concerned keeping alive must have fiddled ",-1
"wont vote fine ",-1
"puts political ahead typical fine ",-1
"are sound economic are ",-1
"fein better hide economic illiterate suppose shud pull ",-1
"fein noooooooo ",-1
"need consider hiding same have safely stowed away want have ",-1
"fein now rolling oppose is easier trying understand ",-1
"are more farfetched made ",-1
"extends  ",-1
"planning  ",-1
"has whatsoever go fine ",-1
"fin only not represented prime sure new there ",-1
"sitting are help ",-1
"small size has caused ",-1
"will go protect nowhere cont  ",-1
"will go protect nowhere be seen when needed ",-1
"do know fine are ",-1
"didnt want take ",-1
"so fine have lost lost next isnt careful b ruling ",-1
"most likely will have wait fail get fein typical isnt ",-1
"wants held so will be may earliest given previous ",-1
"let get straight resigns fucked fucks clings ",-1
"have finally pulled will regret telling stay ",-1
"are gone must have talked ",-1
"needs tell late pull is called ",-1
"emigrated fuck crooked  ",-1
"calling ",-1
"please tell fuck back ",-1
"should explain end doesnt mean formulate halfarsed prolong ",-1
"sorry giving makes boil ruined ",-1
"hoping irish falls tonight means indirectly will resign good ",-1
"sounds is gone not will not miss need now is please ",-1
"spotted seemed be looking new ",-1
"starting is clear ",-1
"surely should be standing prominent ",-1
"surely are getting reelected except own ",-1
"fine online took steal  ",-1
"was tonight facing calls own resign res  ",-1
"survives lose real when are lost how many will wish had gone tonight ",-1
"says even fine thought was stupid ",-1
"threatens legal avoid relevant responds ",-1
"excluded ",-1
"becoming r was cant vote will simply use ",-1
"thanked how dare interrupt  ",-1
"fine is right ",-1
"is spineless little makes feckin sick does ",-1
"new fine too good  ",-1
"right is ",-1
"awkward when see buying new ",-1
"awkward when see buying new funniest have heard ",-1
"",-1
"general will be discussed green lol ",-1
"is same fine ",-1
"happens run again ",-1
"is bukkake very very messy sad left alone ",-1
"is being demolished roll will speak ",-1
"has voted hope crash burn ",-1
"are wet fail are biggest ever ",-1
"irish has expelled bringing ",-1
"irish ",-1
"irish ",-1
"irish less ",-1
"irish supported  irish supported   ",-1
"irish political goes right next names cant take seriously ",-1
"last fine tried were trying get rid own know advised ",-1
"local fine political trying add ",-1
"new fine  really ",-1
"next walk efficient then stub will hunt ",-1
"only good come is is getting kicked next will be too ",-1
"is handling so badly bloody is left sounding reasonable ",-1
"dont start walks ",-1
"don want want call general now ",-1
"is have waiting not ",-1
"repaired delusional  ",-1
"is called are surprised not working ",-1
"utter when completely destroy love ",-1
"determine fail last was determine should captain ",-1
"been soundbytes spewing astonishing ",-1
"",-1
"have wear go fine switching ",-1
"slippery right now have next ",-1
"think has go not sure is ",-1
"really is fucked fine trying guess wont fuck even more ",-1
"will be long fein leading well done ",-1
"little is saying were not responsible is great ",-1
"fine is probably very worst ever seen ",-1
"is fine ",-1
"is why am now dont believe simply cannot take ",-1
"is why noone should vote ",-1
"proves are barking mad ",-1
"serves perfect political  ",-1
"whole is stagemanaged coming ",-1
"shalt not vote green ",-1
"where is speaking luckily means will be very short ",-1
"beware ",-1
"trending considering running ",-1
"trending why  ",-1
"say why are not shouting double ",-1
"watching further found was likes ",-1
"feel free give ",-1
"",-1
"",-1
"say not commited seen ",-1
"very powerful demanding admit might soften ",-1
"voting fine ask why keeps disappearing when do want ",-1
"watching where was when did looked ",-1
"are leading wrong  oh ",-1
"might not have much say can eliminate forever ",-1
"need strong vibrant arguing ",-1
"done is be confirmed when ",-1
"well done now can start where get northern ",-1
"are is literally going are not relevant need go ",-1
"else is going take charge ",-1
"happens when give grows taller ",-1
"do vote look talking gombeen ",-1
"will be official leaning ",-1
"will take make accept is longer wanted ",-1
"is has made completely deluded is doing brilliant ",-1
"when was sat said dont drink dont smoke dont vote ",-1
"when fianna fail prepare prepare fail ",-1
"stays goes know irish ",-1
"actually cares will be next dont let rot earlier will be gone ",-1
"gives damn is will be decimated ",-1
"is fooling please do pack make live ",-1
"would have thought would dont know is worse ",-1
"why are fine squandering best ever had mad ",-1
"why are fine colluding disasterous pass is ",-1
"why do irish think fine will be better fine has been close was founded ",-1
"why does heave bring puking else spreading ",-1
"why dont fine just support instead dont support force ",-1
"why is commenting ",-1
"why is dirty am only thinks fail are obliterated political will never learn ",-1
"why do keep bringing does not belong fine ",-1
"why was attending provincial ",-1
"will irish still support conceal ",-1
"will be fail dry ",-1
"is going  ",-1
"wonder how will react could necessitate further euimf ",-1
"would give see mistakenly refer representing ",-1
"would not like be fail knocking next ",-1
"wow may run good ",-1
"future as irish  ",-1
"yeah vote thought was ",-1
"yes will soon get electing vote then wont turn yay ",-1
"can have can have economic cant have  ",-1
"turn get away political pops no kidding ",-1
"key is defeat fine ",-1
"yup go ",-1
"begins has begun  ",0
"calls mental ",0
"says blind carjacking defamed  ",0
"where can find fine documented new has zero ",0
"admits yikes overreaching ",0
"admits means surely ",0
"has said would be interested being help all ",0
"has reached green withdrawing ",0
" ",0
"irish defied  ",0
"told summoned would stay ",0
"irish calls fasttrack will support fine  ",0
"irish prime early announced ",0
"runs last really only ",0
"funnily enough ",0
"think working other compete real ",0
"is fein totally ",0
"adds call now ",0
"again tabled earlier ",0
"must so really damaging am going be voting fin so ",0
"confirmed wont are ",0
"will be reckon ",0
"has accepted british incredible ",0
"has voted once were clear ",0
"are resolute not going quite good will do well reckon anyway ",0
"fine ",0
"fine ",0
"saw stated would be willing join fine fasttracking ",0
"is affiliated ",0
"will be running fine ",0
"rt stand fine ",0
"true could be very interesting do very well go ",0
"potentially standing ",0
"floating ",0
"am very very curious see how will ",0
"",0
"hi did hear rumours has announced ",0
"yes is other is fein ",0
"first ever has accepted ",0
"did think was fail ",0
"must have missed grouping ",0
"oh thought was fail ",0
"",0
"last predicting would have been called crazy too ",0
"is secretly working fine surely shifted few ",0
"no broke fin founded ",0
"admitted was wrong said when was proved was wrong ",0
"",0
"is third largest likely be junior next fine ",0
"mean there are also ",0
"fuck telling fein better watch ",0
"recall also there maybe failed govt will fall when go ",0
"was is moving isnt lol ",0
"think is got ",0
"ever goes again local will mobilise ",0
"unravel outrageous recent will fine ",0
"not gherkin related read legitimate lol sounds circa ",0
"as ",0
"now remind are other look same ",0
"will vote will listen ",0
"go fine ",0
"doesnt shout except long partying not ",0
"fine spelt wrong ",0
"maybe evil got were got fine ",0
"fine ",0
"well ",0
"also agree receive fine how going do contact ",0
"did same ",0
"didnt write were probably somewhere rightofcentre hardright ",0
"dunno used putting black mimic ",0
"has been last is going is now ",0
"isnt supported   ",0
"",0
"heard was join ",0
"have fine announced yet is still ",0
"remember were puzzled when moved political ",0
"",0
"is invited participate would still be old political  ",0
"dont forget simply copying ",0
"will do can stop ",0
"not being couldnt  ",0
"third will not be going fine ",0
"has just stated are still ",0
"want fein ",0
"fine had ",0
"ah go know want comment is ",0
"ehh fein very much ",0
"",0
"",0
"",0
"will fine be doing obscene are getting ",0
"finnyyyyy doesnt deny being deny being ",0
"ok so call northern ",0
"could be irish could be first ",0
"rejoining ",0
"should run support ",0
"going standing ",0
"replace ",0
"why bother saying when is feeding fine more ",0
"would use ",0
"also cant be considered independent fine proposed national bank back ",0
"do support then fine ",0
"well ask loyalist are contacting daily help sort ",0
"socialist fine daily ",0
"reports fine climb public ",0
"meeting is shortly ",0
"political british far right are allowed participate ",0
"had taken was asked tough ",0
"has also been ",0
"irish prime have general soon posible ",0
"would prefer be debating rather ",0
"think should tweet see has say interviewing ",0
"becomes will be also become when will be ",0
"hello thank are running fine ",0
"yeah dint know is not next ",0
"reveals new  ha ",0
"fine are unanimous disappeared yet again puts ",0
"did see resigned ",0
"means vote fail ",0
"are using personal gather  are fine ",0
"",0
"look clear saying is is considering ",0
"fine  ",0
"have ever noticed lighting custom ",0
"be shocked let speak ",0
"is said was fail last ",0
"made clear last will oppose particularly ",0
"is will protect imposing mobile ",0
"is why uturned guarantee welcoming decisive ",0
"does have ",0
"fein being largest ",0
"also thought was do ",0
"",0
"did fine say ",0
"fine will not burn senior said last would be interesting ",0
"wasnt has happened ",0
"think be tweeting ",0
"was keeping quiet only select weird know ",0
"is replaced stay cant be replaced current ",0
"has go will let happen ",0
"",0
"is political do continue pay private ",0
"not hard find similar how is not hard find when declared ",0
"very werent tweet ",0
"arent just copying why not try few original own ",0
"mean is ",0
"confirms will proceed next  ",0
"please decide construct fine would win thank ",0
"wants regards so why should ",0
"fine now ",0
"fine need dont let ",0
"was ",0
"admit was is ",0
"will be gone talk here been told step ",0
"lead ",0
"central are independent cannot ",0
"just cut paste ",0
"heard talk may be could happen could be ",0
"missed wonderful op few ago dancing together ",0
"html ",0
"guess was refused would leave replace not ",0
"have discussed fine think ok keep waiting fight ",0
"trending ",0
"how fein is new ",0
"fein then fein now ",0
"believing why would join ",0
"should encourage start own personal ",0
"standing running ",0
"interesting was ",0
"fear win ",0
"",0
"",0
"still ",0
"why panellist well as fine ",0
"welcome taught remember went faithfully saying ",0
"odd alright came same think was overshadowed ",0
"fine takes hot ",0
"do know did when werent allowed hear ",0
"as long vote yes ",0
"doesnt need be elected speak is ",0
"considering been is get ",0
"has become resign is taking ",0
"tweeted supporting was quick ",0
"ah where has been fine  ",0
"think has resigned too ",0
"only important is will vote ",0
"has got selective am only remembers fine doing exactly same ",0
"want write  ",0
"why is still is ff ",0
"did fein  think did democratic dont even know means lmao ",0
"sure is shows where really lie ",0
"",0
"fine ",0
"resign ",0
"yes was pretty good local fail ",0
"releasing huge do fail been waiting must be massive ",0
"agreed have been never where black gay jewish is ",0
"does have say matt cant be too pleased ",0
"other is covers good ",0
"unfortunately not just paraphrasing late late ",0
"have real fail hate recognise not ",0
"have is were sending so far ",0
"thought wud strafe left instead dead fine ",0
"big clean now is gone too too seems odd ",0
"fine think ",0
"wasnt was ",0
"not going do significantly better fine will lead next  ",0
"posted indicates would be willing join fine why do not ",0
"why are fin not ",0
"why ",0
"no fin again alive well ",0
"no fin again ",0
"why do not have were invited ",0
"why cant attend ",0
"why did refuse participate ",0
"heard are just curious  ",0
"oops mean fine  ",0
"is fine  lol true ",0
"will put fine ",0
"please agree fine thank ",0
"will be speaking where does fine stand ",0
"",0
"know ",0
"not fine ",0
"",0
"eh is running fine ",0
"yep only has pined fine  ",0
"doing same ",0
"well said disagrees being not being have ",0
"can shake then sure can see  ",0
"was clearly put fein negative ",0
"as are have not taken british ",0
"not fail ",0
" also means get has resigned irish shooin ",0
"fine appears have moved ",0
"given host has always had strong fine ",0
"yup stepped fail anyway awh know tell such ",0
"has changed ",0
"does first will be ",0
"first then labour now fine follows ",0
"is back back fein ",0
"do know where fine have hidden not ",0
"fine have change doesnt happen be punished ",0
"here is fine therefore assume is real ",0
"could not agree more ",0
" er where did defend fine am just pointing did is might have done is hypothetical ",0
"will ",0
"fine ",0
"are corporate kept ",0
"just waiting hoping even  ",0
"is have should let pass wants should fight ",0
"doesnt even mention are irish not allowed hear voting ",0
"prolonged blewit is where need be ",0
"marylou also stated did not vote ",0
"official fine is also talking need fundamental constitutional ",0
"largest here r fail fine right left ",0
"current ",0
"is cool fine ",0
"think hired  ",0
"",0
"will fine be supporting vote yes no ",0
"prime says has resigned  ",0
"",0
"green has said was given senior  ",0
"green has told want  ",0
"has said intends move forward  ",0
"full local  ",0
"quits has resigned ",0
"denies has disputed would win m ",0
"may expected ",0
"vows continue embattled defied ",0
"is badly timed fine has described ",0
"fine confirm support fine has said will support ",0
"",0
"not tenable stay said irish ",0
"resigns following following ",0
"get vacant ministerial has assigned ",0
"",0
"",0
"",0
"fein looks ",0
"",0
"fine offer vote next say must dissolve next ",0
"green ",0
"is  ",0
"resigns expect green be running around try avoid ",0
"opposing ",0
"applies become paid ",0
"as irish announced longawaited was  ",0
"check fine  ",0
"fine talks ",0
"fine has called more balanced ",0
"has tabled ",0
"largest described as badly timed advised ",0
"resigns is planning stand  ",0
"discuss win green will meet  ",0
"says disintegrating fine has predicted  ",0
"has tabled  ",0
"good dont have have fail dont want ",0
"said was absolutely horrified when heard was wrong ",0
"martin  ",0
"now talking saying want social ",0
"irish prime early announced earlierthanexpected  ",0
"quits has resigned ",0
"resigns formally resigns  ",0
"denies has disputed would win ",0
"focused meet has said irish will defeat  ",0
"is badly timed fine has described ",0
"run former suggests leftwing  ",0
"speaking ",0
"creates own sparking irish ",0
"rte has been hit miss ",0
"say welcome most prolific wearing ",0
"is drag ",0
"going announce fine now ",0
"is fine ",0
"losing fine  ",0
"irish early announced earlierthanexpected general  ",0
"irish support would involve ",0
"takes most urban local more ",0
"hears live rt  ",0
"profound is fail trying replace ",0
"predict will push havent gone away know are worse stupid ",0
"so far has shown using fail tied excuse ",0
"",0
"talk general ",0
"trending tagged ",0
"confirmed not standing ",0
"trending tagged ",0
"fail only can give  ",0
"trending tagged ",0
"win st puts ",0
"celtic saved gambling headed former fine shut  ",0
"says assuming irish happens will have served same ",0
"heaves here  sorry only getting around now ",0
"rang ahead inform ",0
"ended shortly began am ",0
"real ",0
"",0
"take foreign ",0
"resigns formally resigns ",0
"resigns is planning stand  ",0
"flying fine supporting comming  ",0
"meeting green says general be held ",0
"again ",0
"again why are fein not allowed air now ",0
"agreed have been never where black gay jewish is ",0
"ah is doing great ",0
"ah go go now whispering trying listen impeccable ",0
"asks will hear green ",0
"desperate fine get here  ",0
" ",0
"unusual colour general ",0
"just came sat ",0
"just clarify do have called not running ",0
"has gone too hasnt gone yet know resigns ",0
"is ",0
"dont confirming has written formally resign ",0
"vital irish ",0
"",0
"agree uup corporate still kept agree ",0
"interested writing ",0
"know ",0
"recall fine is ",0
"apparently just rang inform were late last ",0
"are deals now void last discussed sidedeals  ",0
"promised here is else see next th  ",0
"press ",0
"would say ",0
"had was called other looked exactly wonder addressed ",0
"discussing ",0
"awesome  ",0
"will run fine general irish independent has ",0
"seek fine ",0
"running fine ",0
"has said will support makes  ",0
"continues ",0
"resigns ",0
"green quits ",0
"irish takes foreign ",0
"leads irish is interviewed fine instead ",0
"beginning suspect might actually be fine ",0
"quits has resigned  ",0
"announces speaking fine  ",0
"big reveals new ",0
"big ahead will be open are welcome looking forward seeing ",0
"has been added fine ",0
"fine longserving stands ",0
"playing friendly going  ",0
"were leafleting ",0
"breaking has resigned ",0
"breaking accepts ",0
"breaking will resign passing ",0
"breaking hears fine laughs hurts ",0
"breaking unveil new ",0
"breaking fine ",0
"breaking fine will move ",0
"breaking has declared running ",0
"fine now ",0
"actually expects lead next really mean fin right now ",0
"added historical opening attractive bilingual didnt seem confuse ",0
"announced earlierthanexpected general latest  ",0
"",0
"could be forced call cont  ",0
"could be forced call costing engaged ",0
"facing early quit irish ",0
"held irish vote only concerned  ",0
"",0
"right now ",0
"poses ",0
"is first financial ",0
"is new ",0
"isnt is ",0
"quits ",0
"resigning ",0
"fine ",0
"resigns stays as prime ",0
"resigns calls early  ",0
"resigns calls early ",0
"resigns calls early fine move  ",0
"resigns green pulls big irish ",0
"retains ruling ",0
"stepped ",0
"steps down ",0
"tells not getting ",0
"lead ",0
"irish is step down  ",0
"tried how did ",0
"vows remain ",0
"vote remain  ",0
"wins vote tonight retained  ",0
"wins vote has won vote  ",0
" ",0
"closest  ",0
"great clinging is direct ",0
"mulls second ",0
"bring fail can rebuild trust mend broken ",0
"reports is talks fine running ",0
" ",0
"",0
"is staying now ",0
"standing pick done before ",0
"resigns left ",0
"resigns ",0
"resigns will be  ",0
"call has called  ",0
"can tell joined fail last know exists just having fail ",0
"can win ",0
"can knows explain y running is bein treated  ",0
"can just imagine is right now ",0
"cant seem log fine else having same ",0
"vote fine may unwittingly be voting ",0
"calls fasttrack fine says is  ",0
"public fine has become  ",0
"passes willing ",0
"is holding present welcome ",0
"check latest ",0
"check latest ",0
"check posters made here ",0
"check had say  ",0
"civil fine where is furious is organising ",0
"classic even fine thought was stupid ",0
"clever dont trust looks looks  ",0
"is talking can do ",0
"fine  ",0
"discuss win green will meet  ",0
"hold fine held ho  ",0
"will not resign ",0
"junior says believe is appropriate should happen ",0
"is apparently go just said so ",0
"says hasnt formed yet ",0
"says hasnt formed yet is ",0
"crying stood last now crying little ",0
"ahead rt happens run again ",0
"still remains unfilled nine fine  ",0
"fine longserving stands irish independent ",0
"push longer ",0
"says past had supported personnel green ",0
"tells rtept political was why sought is ",0
"could be forced call ",0
"could be especially ",0
"commits irish commits  ",0
"could second botched  ",0
"focused meet has said irish will defeat ",0
"focused meet has said irish will defeat  ",0
"is secretly fine must be is tearing fail down ",0
"resigns remains irish  ",0
"resigns remains irish  ",0
"irish resigned  ",0
"retains ",0
"seeks support is continuing consult  ",0
"stays should go says ",0
"remain alltop ",0
"stay has said will stay has  ",0
"vows continue irish ",0
"vows lead beyond embattled has  irish ",0
"has been totally supportive next ",0
"announced ",0
"havent done wrong ok lead perhaps not ok ",0
"least pronounces fine properly ",0
"suggests could replace would sit ",0
"are numbered reinvent ",0
"dear follow decriminalize ",0
"delighted was selected fein ",0
"delighted good was selected ",0
"is urging do honourable are clean now ",0
"reverses run  ",0
"seeks general  ",0
"prime is right fine need have spread ",0
"did fail lacked oratorical are other irish political better ",0
"criticises has told  ",0
"do fine still think will unify ",0
"does will will be be released are away ",0
"does have apply ",0
"dont forget rt ",0
"bagged flaky once had previous fine grey ",0
"",0
"",0
"irish irish defied calls res  ",0
"green pull irish said  ",0
"green quit irish  ",0
"losing fine  ",0
"irish plunged green pulls  ",0
"irish prime early announced earlierthanexpected  ",0
"irish defied calls resign  ",0
"said doesnt matter runs ruins ",0
"would consider running bloody would be ",0
"calls disrespectful last ",0
"is take back stole ",0
"hoping next will be lead starting ",0
"has had happy has been set would prefer was earlier ",0
"agrees getting suspended ",0
"alarmed means noone ",0
"release new ",0
"announces  ",0
"asks will take ",0
"stay ",0
"appear why ",0
"has just launched called come ",0
"has sent ",0
"is no not ",0
"will be opening  ",0
"making now ",0
"making now watch now ",0
"says does not accept saying cant pass ",0
"",0
"says will move ",0
"now ",0
"northern ",0
"northern would rather keep awaiting later ",0
"watch live ",0
"planned due unprecedented ",0
"says doesnt accept claim impossible complete ",0
"says has is obviously difficult ",0
"says will support get ",0
"says is still next ",0
"says could be dropped indicated would pass dissolved ",0
"says is happening is disrespectful ",0
"says is attempting trying manoeuvre ",0
"says doesnt know going needs be told are made regarding new ",0
"speaking  ",0
"",0
"tells will remain will be reviewed ",0
"make ",0
"visit ",0
"trying get more ",0
"",0
"",0
"was then should be noted ",0
"will be discuss ",0
"will reverse might be made acute now general ",0
"wants join change was abruptly dropped next ",0
"",0
"earlier challenged repeat  ",0
"start irish political fine ",0
"available relaunched fine  ",0
"wouldnt allow fine lacking smile look ",0
"should just tell get vote fine ",0
"enjoy complete singing ",0
"told be initiating ",0
"can save help ",0
"escape ",0
"irish dismisses quitting embattled prime is seek ",0
"irish dismisses quitting embattled prime is seek  ",0
"has been used delay general ",0
"asking fine is nope real blogged  ",0
"exclusive attempted  ",0
"is now technically first ",0
"fail only can give  ",0
"play sticking not so much just taking seizing ",0
"featured ",0
"only electoral appears be pointing fine are different ",0
"fffg hmm html ",0
"maybe next civil was nearlly ago let go ",0
"fine fine fail ",0
"says disintegrating fine has predicted could  ",0
"retire fine has announced  ",0
"think is bad ",0
"ahead vote ",0
"currently hold third was won wont take ",0
"less will have less following  ",0
"has firsttime general hoping make get  ",0
"suddenly threatening oppose  ",0
"are suddenly threatening oppose watch next ",0
"confirmed ",0
"",0
"may have found fascinating read ",0
"need be forced say will fein provide effective going forward ",0
"",0
"shows irish  ",0
"still trending worldwide ha ",0
"seems have crashed ",0
"too ",0
"braced defeat losing fine  ",0
"faces irish losing fine  ",0
"fine green dropping thank puts pointless ",0
"has climed now ",0
"supports  ",0
"break making ",0
"has confirmed is medically unfit upcoming general ",0
"called resign ",0
"has called hold  ",0
"has said will now contest do not belong ",0
"has said will not will now contest ",0
"has announced will not be contesting ",0
"endorse ",0
"should not be put general now caolin ",0
"fine already have noticed ",0
"fine were other thought was being very nice future ",0
"fine did there utmost discredit will be looking ",0
"fine support ",0
"fine select ne fine will select  ",0
"fine are being very oh dear foresee staying only need few support ",0
"fine confirms ",0
"fine already just ",0
"fine do not bust ",0
"fine give elected ",0
"fine has called major encourage  ",0
"fine has criticised illadvised badly timed ",0
"fine has new check ",0
"fine has physically relocated guess where hosted now ",0
"fine has warned badlymanaged poorlyregulated postal could see  ",0
"fine have breaking personal also  is active ",0
"fine just announced graphic winning  ",0
"fine has predicted could disintegrate  ",0
"fine ",0
"fine fine has vowed confront ",0
"fine told annual ",0
"fine ",0
"fine refuse support ",0
"fine defiant new ",0
"fine say is illadvised badly timed ",0
"fine say will commit elected ",0
"fine says puts next will vote ",0
"fine seeks immediate following ",0
"fine has tonight paid  ",0
"fine settle shows seriously going ",0
"fine sit is how is ",0
"fine must public ",0
"fine has first ",0
"fine has announced will not be contesting next  ",0
"fine announce ",0
"fine back ",0
"fine still offline ",0
"fine will move ",0
"fine will not burn senior said last would be interesting ",0
"fine ",0
"fine took just steal  ",0
"fine is step down  ",0
"fine coming next ",0
"fine says there is why cannot be completed take ",0
"fine took just steal  ",0
"fine general were dealt last sudden  ",0
"fine tells would be unacceptable stay were not ff ",0
"fine tells would be unacceptable stay were not ff ",0
"fine new has been defaced were only major political  ",0
"fine ",0
"fine is back get involved ",0
"fine defiant now hosted anonconfused ",0
"fine defiant ",0
"fine still going ahead vote depending go difficult ",0
"finished lost hmm is turning xd ",0
"is jumping letting whoops poor will be so empty kick ",0
"first fine are  ",0
"first then labour now fine follows lead ",0
"first then now fine follows ",0
"keeps guessing fine performs  ",0
"still thinking fine ",0
"still thinking fine stand ",0
"",0
" ",0
"",0
"",0
"following call have just been seeing highfiving ",0
"following suggests will be knocking immediate ",0
"short thought was resigning ",0
"is interested last ",0
"crying loud cant keep talking follow final ",0
"former irish foreign run again ",0
"former approached ",0
"running lead running lead press as  ",0
"fresh fine set ",0
"full calling ",0
"full green green  ",0
"funny collapsed irish ",0
"future ",0
"run former suggests leftwing  ",0
"run former suggests leftwing ",0
"will take ",0
"speak vote ",0
"general due be discussed green ",0
"fine do ",0
"general must seachange irish says ",0
"mentioned is not here cant sit ",0
"replace ",0
"met spoke last gave were resigning ",0
"had were resign last ",0
"when there is erodes trust ",0
"quits ",0
"should be scrapped fine grubby  ",0
"have now arrived ",0
"applies become paid ",0
"could be next ",0
"could be irish could be first ",0
"could be new thought ",0
"has answered many many not sick asking ",0
"has resigned does mean have new did ",0
"has resigned ",0
"is resigning amusingly only leave is be employed ",0
"joins now discuss ",0
"quits ",0
"quits ",0
"quits has resigned  ",0
"resigned ",0
"resigns irish  ",0
"says should not be rushed confirmed would not support ",0
"says needs call general now let have say ",0
"sees united ",0
"",0
"resign applies become paid ",0
"let have say ",0
"are is not facing calls immediate ",0
"should go were there  ",0
"will know  ",0
"adds call now ",0
"adds call now ",0
"see ",0
"no irish is responsible paying ",0
"prompt ",0
"get  ",0
"get  ",0
"confirms vote confirmed would move  ",0
"says is not ",0
"has criticised  ",0
"has tabled  ",0
"dont want be ",0
"is do ",0
"fine ",0
"insists has support says has  ",0
"good old fein is civil have infested ",0
"hello ",0
"says fine are not pressing ahead ",0
"tells fine keep ",0
"wants general held green said wanted  ",0
"has said  ",0
"is said had reached  ",0
"got first fine happened very quickly ",0
"vote fine give ",0
"left ",0
"is disintegrating says ",0
"green will most likely appear next st ",0
"green are jumping can fine are there ",0
"green calls green has told want  ",0
"green dont want interfere fail says are doing ",0
"green given green has said was given  ",0
"green confirms became aware ",0
"green said had were being made  ",0
"green says absolutely necessary irish have lost ",0
"green tells must be held later would be unacceptable ",0
"green will meet following  ",0
"green quit irish ",0
"green quits struggles green pull  ",0
"green wants green says has told  ",0
"green backs fine ",0
"green backs fine official  ",0
"have withdraw have resigned ",0
"pull full ",0
"quit ",0
"should pull now ",0
"walk int green login ",0
"will support pulling said  ",0
"exit condemns irish green will force prime dissolve ",0
"resigns calls early ",0
"fine ",0
"fine was hijacked last was claimed  ",0
"steal fine ",0
"hahahahaha fancies hahahahaha ",0
"hang didnt offering leave ",0
"tell fine ",0
"could make fine has said  ",0
"have rte just given fail minute prime political do get too ",0
"have say ",0
"irish has challenged ",0
"hearing are planning heard here first ",0
"has been selected ",0
"here go be followed ",0
"here go fine used be ",0
"short strange little made ",0
"high fine taken fine  ",0
"high has put back taken fine delays ",0
"hilarious resign can run irish must apply ",0
"hmmm maybe ff voted knew next would be wanted alone ",0
"next looked exactly ",0
"holy is green now brown nosing fine think need leave ",0
" ",0
"hooray wrong again think should lead googlyeyed atticraised ",0
"hot fine ",0
"hot ",0
"how fein is new ",0
"how cud promote cant know voted last ",0
"how do rt find know ",0
"how is fine vote dont have vote wed is ",0
"dont agree share is ran fine has been ",0
"hear has accepted ",0
"hear high based former is be next has ",0
"liked irish ",0
"liked is spittin ",0
"read independent has ",0
"recommend watch bbc ",0
"see accepted ",0
"think has resigned too ",0
"think officially abstained looks whip took vote voted ",0
"was quoted regarding fine ",0
"wonder will fine run will personally try ",0
"guess will drop run fine will knock wait will just use ",0
"say fine are drunk already woo hoo ",0
"going listen ",0
"just waiting hoping even  ",0
"not taking even fine thought was stupid cont  ",0
"not taking even fine thought was stupid ",0
"been authorized say fine is prepared carry is dissolved ",0
"just asked applying said funnily enough well actually ",0
"retains ruling ",0
"goes fail will still have disasterous ",0
"doesnt have better tell works ",0
"split equally fine could finally get left divide good needs ",0
"were would be would be hit ",0
"fine is larger go ",0
"is next foriegn will accept irish ",0
"hear say is own once more ",0
"irish steps down  ",0
"knows very well fine will meet says so dont give present ",0
"impossible take seriously when less ago voted ",0
"listening ",0
"once much calmer will be talking possible ",0
"talks run fine ",0
"last few fine deputy says is happy ",0
"uploading fine ",0
"independent declares fine ",0
"independent wins vote ",0
"will invest irish irish said will support  ",0
"",0
"possible reshuffle now watch live ",0
"past ",0
"needs rather simply new spin ",0
"needs complete rather new spin ",0
"fine longserving stands irish independent ace ",0
"call has called ",0
"retire fine has ",0
"still has said ",0
"seeks has said ",0
"accuses grubby little has accused ",0
"begins has begun ",0
"green green ",0
"make will announce  ",0
"here are  ",0
"remain embattled irish said would call  ",0
"embattled announces is stepping ",0
"losing fine  ",0
"green walks ",0
"green quits  ",0
"is  ",0
"irish pull irish  ",0
"irish plunged green pulls  ",0
"irish plunged green pulls ",0
"irish green  ",0
"irish declares have change ",0
"irish not prime says leaving  ",0
"irish prime announced had stepped as  ",0
"irish announces irish has announced  ",0
"irish quits ",0
"irish tells will not resign ",0
"irish ",0
"irish irish will not  ",0
"irish irish defied calls resign  ",0
"irish confirms will ",0
"irish quits ",0
"irish dismisses quitting embattled prime is seek  ",0
"irish foreign  ",0
"irish forced call has called general  ",0
"irish forced set ",0
"irish forced set  ",0
"irish forced set called general  ",0
"irish quits has resigned is headed  ",0
"irish says will seek irish said wants maintain seek ree ",0
"irish ",0
"irish irish has retained live now ",0
"irish irish has retained  ",0
"irish quits ",0
"irish has accepted accepted confirms ",0
"irish launches jesuit new  ",0
"irish  ",0
"irish is quit tell ",0
"irish steps down ",0
"irish remain ",0
"irish remain  ",0
"irish will resign passing ",0
"irish will support ",0
"irish wins vote  ",0
"irish wins vote ",0
"irish prime early announced earlierthanexpected ",0
"irish prime early embattled irish  ",0
"irish prime early new embattled irish  ",0
"irish failed suggest changing ",0
"irish prime prime has announced will elect  ",0
"irish prime down embattled irish said  ",0
"irish republican irish republican  ",0
"irish resigns is planning stand elect  ",0
"irish discuss win green will meet  ",0
"irish retire public fine  ",0
"irish full green green  ",0
"irish has tabled  ",0
"irish stand banking is stand fine  ",0
"irish sues  ",0
"irish sues has initiated  ",0
"is ",0
"is fine serious ",0
"is fine serious getting ",0
"is fine even frontline ",0
"is ",0
"is too cool ",0
"is there further possible fine would be good ",0
"doesnt take see have usual should say ",0
"is very likely will be goes smaller ",0
"would seem fine just allowed free ",0
"is talking have ",0
"kicking are particular ",0
"collapsed irish ",0
"few ago pushed admit was fully made didnt disagree ",0
"is must be related somewhere past ",0
"tells richard was fine when costello was ",0
"considers running ",0
"is apparently considering running ",0
"may run  ",0
"lefty how will last fine ",0
"very small carlowkilkenny ",0
"ahead next ",0
"is get decide is elected go figure ",0
"reveals was fine false designed destroy ",0
"predict will be next ",0
"gives way too much thought was supposed be interviewing was bad ",0
"said was clearly choreographed ",0
"earlier said must be held early believe can be completed quicly ",0
"",0
"have entered cont  ",0
"be request ",0
"explaining how heard now listen live ",0
"now being interviewed ",0
"gormley now not coming press con later ",0
"gormley now ",0
"is crucial not green is national ",0
"first knew other was not acceptable ",0
"watch live ",0
"think is possible have ",0
"says is possible ",0
"said there are also thought was not good appoint new ",0
"says has reached can longer continue  ",0
"says meeting discussing other general ",0
"says didnt know last saw live now  ",0
"says knew came last ",0
"says was not where was decided would resign ",0
"says welcomes not appoint new hold ",0
"says green can longer continue ",0
"says intend stay is passed told cont  ",0
"now now ",0
"thinks th good irish will just have wait decide ",0
"speak later ",0
"will be live ",0
"will be live ",0
"wont say how would vote ahead ",0
"are committed proud ",0
"green has run will leave support ",0
"met spoke last gave were resigning ",0
"whatsoever ",0
"has reached ",0
"had were resign last ",0
"when there is erodes trust ",0
"full  ",0
"full full  ",0
"full withdraw commit supporting ",0
"join fine ",0
"join fine ",0
"cant be political says only cheerlead ",0
"just back irish do not want remain single ",0
"just commented supports  ",0
"just commented resigns ",0
"just got back delighted will be next  ",0
"just got expected ",0
"just watch replace ",0
"shaping is fein will run could really ",0
"free is is  irish ",0
"know pay are doing same ",0
"fine pilling pull ",0
"fine ",0
"are not left fine are not right ",0
"still has said will leave  ",0
"intends move has said intends move forward  ",0
"has announced ",0
"has tabled expects will be debated next ",0
"has tabled  ",0
"repeated economic  ",0
"says general cannot be deferred longer ",0
"says is make critical ",0
"be tabled no has said  ",0
"has said will leave  ",0
"has tabled  ",0
"proceed vote speaks  ",0
"will hold be livetweeting ",0
"will hold be livetweeting oh ",0
"",0
"has announced is tabling ",0
"respond more have ",0
"wants know why noone has defended ",0
"is really  sure didnt fein so similar earlier ",0
"latest fine ",0
"latest applies become paid ",0
"latest expected put dil foreign ",0
"main differ has backed  ",0
"confirms will proceed next  ",0
"green has said has told needs ",0
" ",0
"least surprising leads ",0
"leaving heading east ",0
"now watch here  ",0
"hope do honest call general ",0
"where ff reflect unemployed  ",0
"listen now must have listened ",0
"listen now  sent ",0
"listening speaking would appear irish reshuffle is reshuffle ",0
"listening is talking is voting imagine got wow not ",0
"live fine says green needs insist  ",0
"live now watch here  ",0
"live making now watch now ",0
"lol trying say lol ",0
"looks has stood wonder happens next ",0
"looks is jumping dear finding tough leaving ",0
"meet fine give ",0
"making have found is much harder making ",0
"met read more  ",0
"smitten put might take  ",0
"believes good leading not love ",0
"",0
"will be late late tonight ",0
"will be late late ",0
"resigns following following  ",0
" ",0
"tells rtept political was why sought cont  ",0
"tells rtept political was why sought reshuffle ",0
"has doesnt have ",0
"should also resign ok not ",0
"has offered ",0
"has resigned become p ",0
"resigns take  ",0
"dodged being very well ",0
"seeks has said will be  ",0
"flowing is powerful fine is presently laughing ",0
"has include be fair ",0
"met canvassing ago said had just rang was ",0
"met canvessing ago said had just rang was ",0
"met canvessing ago said had just cont  ",0
"met canvessing ago said had just rang was ",0
"is fine greatest poor indecisive has save ",0
"resigns saying intends ",0
"secureing fianna  ",0
"has said would be interested being  lmao ",0
"has said would be interested being ",0
"has said should change  ",0
"social has said would be interested being ",0
"is being urged intervene  ",0
"missed prompt ",0
"more internal fuck slimy robbing barely human ",0
"says is only locking green then fine would facilitate getting ",0
"confirmed fine had attempted recruit called last told would only run independent ",0
"included fine will not be able form soon be proven ",0
"reverses previously used ",0
"talking do reckon actually gave ",0
"will accept fine well ",0
"vote hannafin ",0
"be selected ann  ",0
"need get masel get registered  ",0
"new pre democratic  ",0
"new steps down  ",0
"new fine ",0
"new is fine serious getting  ",0
"new describe less missed good ",0
"new shows irish ",0
"irish tells will not res ",0
"asking take ahead ",0
"has proposed ",0
"top stand fine  irish ",0
"irish prime early announced earlierthanexpected  ",0
"fine select ne fine will select candid  ",0
"irish prime wins vote  ",0
"call support political is ",0
"needs do more protect religious ",0
"high has put back taken fine  ",0
"says is reconsidering foreign  ",0
"next new new ",0
"",0
"supporting next ",0
"fin again ",0
"is related buy ",0
"resigns formally res ",0
"not interview constitutional constitutional rather quoting ",0
"notably high irish including add ",0
"now has resigned programming would do likewise prime ",0
" fine leftwing ",0
"nyt irish prime early announced earlierthanexpected general  ",0
"irish early announced earlierthanexpected  ",0
"irish prime early announced ",0
"calls stand has called resign  ",0
"dublin ",0
"oh has resigned ",0
"irish prime down embattled irish said  ",0
"ok told have resigned rd resigned only no ",0
"ok officially appointed fine want help ",0
"",0
"only are ",0
"calls fasttrack fine says is prepared  ",0
"call immediate fine has called  ",0
"united needed hate say ",0
"must have ",0
" ",0
"irish ",0
"is important is paramount citing former ",0
"said had been taken was divided  ",0
"used fine has said  ",0
"is ",0
"fine is larger are not british  ",0
"says told indicated would not be reshuffled ",0
" ",0
"completely told there said allow ago ",0
"are close should speak again ",0
"has been added fine ",0
"has been added fine ",0
"stand fine ",0
"last won vote  ",0
"must have listened ",0
"political fine attacks ",0
"fine  ",0
"looms looks set depleted go  ",0
"will changing encourage vote will changing encourage  ",0
"shows irish ",0
"general ",0
"potentially standing ",0
"irish prime early announced earlierthanexpected  ",0
"preparing new using fine should be ready soon ",0
"now there are internal external fine will also do ",0
"did not is ",0
"promote denies ",0
"provisional irish thst former  ",0
"remarks new fine new ",0
"replacing favourite having different is not change ",0
"featuring watch now  ",0
"reports fine climb public ",0
"be held right fine poised ",0
"",0
"now rests when is ",0
"right sent see gets back first ",0
"rt tabled fine forgets mention tabled earlier ",0
"rt shocking is real  ",0
"rt tabled fine forgets mention tabled earlier ",0
"rt political assesses latest regards  ",0
"doesnt seem understand fine are separate political ",0
"excludes fein again rte when is just need open ",0
"suggests taking traditional wonder will tell happened ",0
"suggests taking traditional wonder will tell happened ",0
"top apparently there are caolin is ",0
"thinks amazing come fly ",0
"resigns ",0
"irish quits embattled announces is stepping  ",0
"ensure corporate remain secret irish ",0
"selected go ",0
"selected ",0
"does not know fine launched funding rd last are doing ",0
"threatens sue irish ",0
"see legal ",0
"seen fail ",0
"serious rt few irish expected use tsk tsk ",0
"accuses grubby little has accused trying  ",0
"are legal ",0
"has accused trying put together grubby little get ",0
"quits has resigned ",0
"ran fine ",0
"have ",0
"addresses see there are still is ",0
"should resign  ",0
"should change continues ",0
"should change ",0
"fein ",0
"lift political ",0
"protest vote current political ",0
"came here dropped must have known ",0
"",0
"twoparty ",0
"gears historic ",0
"has voted once were clear ",0
"has formally  ",0
"resigns ",0
"has formally resigned ",0
"has resigned ",0
"say must mark change irish ",0
"says is short disgusting ",0
"says lift corporate ",0
"selects ",0
"should have next how would even ",0
"sue irish ",0
"were invited told dont yet have ",0
"needs complete rather simply new spin  ",0
"lift political ",0
"meets first  ",0
"remove has called  ",0
"where is sdlp corporate has accused  ",0
"young need supporting has congratulate  ",0
"will not ",0
"speaking legal regarding ",0
"quits will run ",0
"quits will run ",0
"call support political is calling  ",0
"will hold annual meeting ",0
"are main canvassing braveing ",0
"has said  ",0
" ",0
"has described remain disgraceful ",0
"have been paying hard pressed will help ",0
"indicates would be willing join fine fasttracking ",0
"indicates willing join fine fasttracking ",0
"resigns  ",0
"praises ahead new new ",0
"welcomes  ",0
"has accused trying put together grubby little  ",0
"has responded is considering  ",0
"is planning stand has resigned  ",0
"should be held now  ",0
"says remain is disgraceful said had well passed general ",0
"",0
"has begun  ",0
"sues claim did not ",0
"sues irish ",0
"sues irish ",0
"sues  ",0
"sues ",0
"sue irish ",0
"wont take lectures irish ",0
"commenting latest remarkable ",0
"says underline go ",0
"applies become paid  ",0
"applies become paid notes  ",0
"snakeoil ramping ",0
"so apparently has resigned ",0
"gave shows how much hold green equals ",0
"has really resigned is doing so ",0
"got fine saying will do when are keep ",0
"is going take too ",0
"so not next are coming talk does ",0
"entire green is contingent fine dropping ",0
"should ask fine will be ",0
"has almost ff ",0
"",0
"green ",0
"green announcing can longer remain  ",0
"green read reacting general  ",0
"makes recall correctly funny old ",0
"stuck looming ",0
"suggested could stand fein ",0
"fine  ",0
"surely should be asking similar ",0
"said is here  ",0
"talking ",0
"long sell irish ",0
"faces ",0
"has said irish will defeat put forward  ",0
"has tonight paid has handed ",0
"said received other senior junior questioning ",0
"tonight retained ",0
"will support ",0
"vows fight vows fight  ",0
"vows fight beleaguered has said will lead ",0
"survives vote tonight retained  ",0
"backing tonight retained winning  ",0
"will lead further irish ",0
"legal ",0
"giving ",0
"twoparty early  ",0
"is wearing ",0
"isnt true wont go ",0
"is take compelling new be tweeted ",0
"are fine be won ",0
" ",0
"will be discussed green ",0
"general will be held  ",0
"will be held further available ",0
"recommends irish will fine give irish forthcoming ",0
"has worked several predicted could win  ",0
"fine appears have moved ",0
"are more interested fine ",0
"high has put back taken fine delays ",0
"high has put back taken fine delays ",0
"has said will be see more  ",0
"irish ",0
"irish will not run ",0
"irish irish  ",0
"irish must go says senior ",0
"irish ",0
"irish irish will not run irish irish ",0
"planned has been cancelled had be ",0
"attracted is ",0
"next resigns ",0
"next has had many false starts many held  ",0
"has accepted ",0
"will now stand  ",0
"fine  ",0
"has said will indicate supports  ",0
"hears live rt  ",0
"rt ",0
"is scarily close fine free ",0
"are when went there didnt know ",0
"shouldve dubbed could understand better ",0
"blown golden gavin  ",0
"is put fine never forget ",0
"is fine ",0
"",0
"selected represent ",0
"get rid ",0
"here is major  ",0
"told said wan is trending said yes are wearing ",0
"discuss not will survive ",0
"was walkin  ",0
"trending ",0
"has announced seek stand ",0
"says told wouldnt vote says was is correct ",0
"were never spoken cant wait vote young spoke ",0
"never asks appear almost weekly hard just saying ",0
"yfrogcomgzcegp shared fine ",0
"more ",0
"new next next irish general bet now  ",0
"rediculous unknown fine has said  ",0
"first discuss latest ",0
"next means talk ",0
"fine ",0
"reacts ",0
"irish said wants maintain seek re  ",0
"has said had be orchestrated choreographed ",0
" largely unnoticed has resigned fight irish ",0
"oh just quit doesnt take causing dullest ",0
"html ",0
"very funny collapsed irish html ",0
"fine retires ",0
"vindicated puts as new ",0
"voting fein wont bring united dont know why thinks would ",0
"waiting now wonder thinks ",0
"was elected taoiseach always thought took just said was democratically chosen ",0
"was fraudulent save propping share thereby defrauding ",0
"was fraudulent save prop share thereby defrauding ",0
"watch green full read ",0
"watched is dodging vote ",0
"done complete sounds worse even when had ",0
"are says ",0
"begin are tabling ",0
"didnt say said accept few ",0
"have decided can longer remain ",0
"would introduce third would introduce fein ",0
"went supported only not do was ",0
"were not green ",0
"are fine would abstain vote ",0
"did say has fine upset ",0
"exactly can use now please tweet ",0
"is happening here is disrespectful says ",0
"could stand fein ",0
"where fine got new ",0
"where is fein please are as popular ",0
"is fine ",0
"likes guess might get got reallly gud political cud ask wud really help ",0
"yer green listening is other gave tie ",0
"why now wont go ",0
"why are fin not ",0
"why do give wanted ",0
"why does have getting admit was challenged ",0
"why was holding ",0
"will be meeting gormley shortly ",0
"will be representing fine ",0
"will become too has busy few ahead ",0
"will now hold ",0
"will take too wonder ",0
"will be when becomes ",0
"will fine abolish ",0
"fine open educational national  ",0
"not forget patriotic destroy green ",0
"back stabbing could always run fine ",0
"wonder will have proper tonight probably due fein little ",0
"wonder have will be first get affirmativenegative was ",0
"fine ",0
"wwwfinegaelie ",0
"can have cant have ",0
"yes fine does offer unite unite ",0
"yes yes ",0
"can watch full read ",0
"could not have predicted turn ",0
"true flying rough real ",1
"won vote  ",1
"will cement  ",1
"irish vote prime won  ",1
"might also add fine has has ",1
"are sinn fein then just think young is great made best ",1
"listening interesting ",1
"will never vote ever again get higher ",1
"better vote fine will be ",1
"trying delighted cant abide ",1
"just here now lives fight had cut here earlier ",1
"fein ",1
"always voted fein ",1
"been doing fianna fail support remains stubbornly high ",1
"apparently sinn have bigger ",1
"fein more popular says all ",1
"",1
"most definitely should had called ",1
"is fine ",1
"vote socialist fein then end civil ",1
"right think call quits admire do irish ",1
"feeling seen is will gain will remain fairly stable ",1
"loved fine earlier was mid live couldnt ",1
"being published will being more popular ",1
"would die ",1
"met irish campaigned isnt ",1
"not true care not letting get away abusing working pander wealthiest ",1
"hey look fine have relaunched new approved too is good  ",1
"know only messing want see fine ",1
"simle should be fine rebuild better ",1
"has been around died ",1
"well fine have more probably have ",1
"gave great definitely best going forward ",1
"great excellently timed well done following again ",1
"fein have had do longer read preferably ",1
"love told was great steely resolve ",1
"worst will come away looking proactive has been exclusively enjoying now ",1
"killed vote ",1
"more rte why are so afraid let put certainly couldnt be worse ",1
"no there is real there fin only has radical sensible equitable ",1
"will be there rt have include ",1
"never thought agree speaking ",1
"are going have rejoying why did not come ",1
"doing right not rushing rushed is bad ",1
"only is unchallenged consistant is ",1
"almost full get agree not is always interesting  ",1
"certainly agree  is fine ",1
"vote vote vote ",1
"like am back fine be will lead ",1
"glad see following tabling ",1
"just let take get go go ",1
"will will put forward will not support ",1
"just following havent had original were founded ",1
"fein please please get go ",1
"fearful could lead vote local can see fein doing well ",1
"definitely yet again need fine clean ",1
"cant help love ",1
"am sure fine are quite delighted ",1
"fair play ",1
"really liking quite fine here researchfinegaelorg esp public ",1
"largely express support speaking individually ",1
"big facing is can stay ahead made earlier ",1
"are lining nicely beware ",1
"general join can elect  ",1
"fine is felt sorry human  ",1
"agreed is never easy needs try hard is better  ",1
"am betting hold big ",1
"will pay will do ",1
"",1
"celtic sleeps will not be missed irish ",1
"worst will come away looking proactive has been exclusively enjoying now ",1
"based will be not being there ",1
"fein are articulate intelligent young great ",1
"irish survives vote irish survives vote hi  ",1
"vote irish prime wins vote  ",1
"irish survives vote irish survives vote  ",1
"irish vote ",1
"irish survives vote ",1
"big local political mor ",1
"former running fein will well ",1
"breaking weeping fine said be ecstatic ",1
" irish has done final count  ",1
"is bullish steadfast singleminded remain is incredible ",1
"will win have ",1
"vote ",1
"vote irish prime wins vote  ",1
"vote irish prime wins vote ",1
"wins vote ",1
"",1
"hears call have ",1
"canvassing only left can save was ",1
"do not blame green happened ",1
"definitely yet again need fine clean ",1
"delighted public wait ",1
"has include be fair irish ",1
"disgusted was hunted wish best succeeds ",1
"do vote  ",1
"is ",1
"is showing real here where has been ",1
"great fine too ",1
"has earned see how pans ",1
"has right call vote doesnt need support ",1
"has fair ",1
"has just said is eccentric now not wrong not fun eccentric are acting ",1
"is cracking ",1
"is showing real here where has been ",1
"showing strong will fine support prop ",1
"vote now are looking next ",1
"playing active here stunning ",1
"sending titled catchy isnt bad rallying call ",1
"talking now quite exciting ",1
"very strong past is cant understand why so many dont ",1
"excellent was brilliant td waiting chaired so good ",1
"fantastic almost ",1
"fantastic almost  ",1
"fuming caught fin full ",1
"fail have finally failed fein free ",1
"fifty get real voting making ",1
"fine are very different ",1
"fine are best irish  ",1
"fine currently hold just retiring still have very good second here ",1
"fine just schooled ",1
"doubt will happen tough hope will lead ",1
"is fresh stale political here ",1
"is speaking public like go see has say ",1
"spotted knows ",1
"glad see following tabling ",1
"good fein take back ",1
"great came support made ",1
"fail fine  ",1
"had long last helped recover stolen ",1
"hah came see clearly meant be xd ",1
